{"all_primary_scores": ["mmlu_pro:mc::none: 0.11511", "mmlu_pro:mc::olmo3:heldout: 0.11511", "mmlu_pro_math:mc::none: 0.11547", "mmlu_pro_health:mc::none: 0.110024", "mmlu_pro_physics:mc::none: 0.117013", "mmlu_pro_business:mc::none: 0.111534", "mmlu_pro_biology:mc::none: 0.111576", "mmlu_pro_chemistry:mc::none: 0.0927562", "mmlu_pro_computer science:mc::none: 0.119512", "mmlu_pro_economics:mc::none: 0.135071", "mmlu_pro_engineering:mc::none: 0.110423", "mmlu_pro_philosophy:mc::none: 0.144289", "mmlu_pro_other:mc::none: 0.126623", "mmlu_pro_history:mc::none: 0.112861", "mmlu_pro_psychology:mc::none: 0.119048", "mmlu_pro_law:mc::none: 0.106267"], "tasks": [{"alias": "mmlu_pro:mc::none", "metrics": {"logits_per_char_corr_micro": -1.326180968058365, "logits_per_char_corr_macro": -1.3120945572292282, "acc_raw_micro": 0.11510970744680851, "acc_raw_macro": 0.11660480269759842, "acc_per_char_micro": 0.11510970744680851, "acc_per_char_macro": 0.11660480269759842, "acc_per_byte_micro": 0.11510970744680851, "acc_per_byte_macro": 0.11660480269759842, "logits_per_token_corr_micro": -2.65236193611673, "logits_per_token_corr_macro": -2.6241891144584564, "primary_score_micro": 0.11510970744680851, "primary_score_macro": 0.11660480269759842, "acc_per_token_micro": 0.11510970744680851, "acc_per_token_macro": 0.11660480269759842, "bits_per_byte_corr_micro": 1.9132747059405026, "bits_per_byte_corr_macro": 1.8929523108933675, "sum_logits_corr_micro": -2.65236193611673, "sum_logits_corr_macro": -2.6241891144584564, "primary_score": 0.11510970744680851, "extra_metrics": {"no_answer_micro": 0.0, "no_answer_macro": 0.0}}, "num_instances": 12032, "processing_time": 34.931204080581665, "task_config": {"task_name": "mmlu_pro:mc::none", "task_core": "mmlu_pro_math", "split": "test", "num_shots": 5, "primary_metric": "micro", "metric_kwargs": {"extra_metric_names": ["no_answer"]}, "native_id_field": "question_id", "dataset_path": "TIGER-Lab/MMLU-Pro", "version": 0, "metadata": {"num_tasks": 14, "description": "Aggregate metric", "alias": "mmlu_pro:mc::none"}}}, {"alias": "mmlu_pro:mc::olmo3:heldout", "metrics": {"logits_per_char_corr_micro": -1.326180968058365, "logits_per_char_corr_macro": -1.3120945572292282, "acc_raw_micro": 0.11510970744680851, "acc_raw_macro": 0.11660480269759842, "acc_per_char_micro": 0.11510970744680851, "acc_per_char_macro": 0.11660480269759842, "acc_per_byte_micro": 0.11510970744680851, "acc_per_byte_macro": 0.11660480269759842, "logits_per_token_corr_micro": -2.65236193611673, "logits_per_token_corr_macro": -2.6241891144584564, "primary_score_micro": 0.11510970744680851, "primary_score_macro": 0.11660480269759842, "acc_per_token_micro": 0.11510970744680851, "acc_per_token_macro": 0.11660480269759842, "bits_per_byte_corr_micro": 1.9132747059405026, "bits_per_byte_corr_macro": 1.8929523108933675, "sum_logits_corr_micro": -2.65236193611673, "sum_logits_corr_macro": -2.6241891144584564, "primary_score": 0.11510970744680851, "extra_metrics": {"no_answer_micro": 0.0, "no_answer_macro": 0.0}}, "num_instances": 12032, "processing_time": 34.931204080581665, "task_config": {"task_name": "mmlu_pro:mc::olmo3:heldout", "task_core": "mmlu_pro_math", "split": "test", "num_shots": 5, "primary_metric": "micro", "metric_kwargs": {"extra_metric_names": ["no_answer"]}, "native_id_field": "question_id", "dataset_path": "TIGER-Lab/MMLU-Pro", "version": 0, "metadata": {"num_tasks": 14, "description": "Aggregate metric", "alias": "mmlu_pro:mc::olmo3:heldout"}}}, {"alias": "mmlu_pro_math:mc::none", "metrics": {"acc_raw": 0.1154700222057735, "acc_per_token": 0.1154700222057735, "acc_per_char": 0.1154700222057735, "acc_per_byte": 0.1154700222057735, "sum_logits_corr": -2.4662633259855844, "logits_per_token_corr": -2.4662633259855844, "logits_per_char_corr": -1.2331316629927922, "bits_per_byte_corr": 1.7790329349641407, "primary_score": 0.1154700222057735, "extra_metrics": {"no_answer": 0.0}}, "num_instances": 1351, "processing_time": 4.896365404129028, "task_config": {"task_name": "mmlu_pro_math", "task_core": "mmlu_pro_math", "split": "test", "num_shots": 5, "primary_metric": "acc_raw", "metric_kwargs": {"extra_metric_names": ["no_answer"]}, "native_id_field": "question_id", "dataset_path": "TIGER-Lab/MMLU-Pro", "version": 0, "metadata": {"regimes": [], "alias": "mmlu_pro_math:mc::none"}}}, {"alias": "mmlu_pro_health:mc::none", "metrics": {"acc_raw": 0.1100244498777506, "acc_per_token": 0.1100244498777506, "acc_per_char": 0.1100244498777506, "acc_per_byte": 0.1100244498777506, "sum_logits_corr": -2.492234709210384, "logits_per_token_corr": -2.492234709210384, "logits_per_char_corr": -1.246117354605192, "bits_per_byte_corr": 1.7977673278558741, "primary_score": 0.1100244498777506, "extra_metrics": {"no_answer": 0.0}}, "num_instances": 818, "processing_time": 2.4597983360290527, "task_config": {"task_name": "mmlu_pro_health", "task_core": "mmlu_pro_health", "split": "test", "num_shots": 5, "primary_metric": "acc_raw", "metric_kwargs": {"extra_metric_names": ["no_answer"]}, "native_id_field": "question_id", "dataset_path": "TIGER-Lab/MMLU-Pro", "version": 0, "metadata": {"regimes": [], "alias": "mmlu_pro_health:mc::none"}}}, {"alias": "mmlu_pro_physics:mc::none", "metrics": {"acc_raw": 0.1170130869899923, "acc_per_token": 0.1170130869899923, "acc_per_char": 0.1170130869899923, "acc_per_byte": 0.1170130869899923, "sum_logits_corr": -2.88635722328095, "logits_per_token_corr": -2.88635722328095, "logits_per_char_corr": -1.443178611640475, "bits_per_byte_corr": 2.0820666261322307, "primary_score": 0.1170130869899923, "extra_metrics": {"no_answer": 0.0}}, "num_instances": 1299, "processing_time": 2.3637335300445557, "task_config": {"task_name": "mmlu_pro_physics", "task_core": "mmlu_pro_physics", "split": "test", "num_shots": 5, "primary_metric": "acc_raw", "metric_kwargs": {"extra_metric_names": ["no_answer"]}, "native_id_field": "question_id", "dataset_path": "TIGER-Lab/MMLU-Pro", "version": 0, "metadata": {"regimes": [], "alias": "mmlu_pro_physics:mc::none"}}}, {"alias": "mmlu_pro_business:mc::none", "metrics": {"acc_raw": 0.11153358681875793, "acc_per_token": 0.11153358681875793, "acc_per_char": 0.11153358681875793, "acc_per_byte": 0.11153358681875793, "sum_logits_corr": -2.6004291086897955, "logits_per_token_corr": -2.6004291086897955, "logits_per_char_corr": -1.3002145543448977, "bits_per_byte_corr": 1.8758130896463843, "primary_score": 0.11153358681875793, "extra_metrics": {"no_answer": 0.0}}, "num_instances": 789, "processing_time": 2.3508896827697754, "task_config": {"task_name": "mmlu_pro_business", "task_core": "mmlu_pro_business", "split": "test", "num_shots": 5, "primary_metric": "acc_raw", "metric_kwargs": {"extra_metric_names": ["no_answer"]}, "native_id_field": "question_id", "dataset_path": "TIGER-Lab/MMLU-Pro", "version": 0, "metadata": {"regimes": [], "alias": "mmlu_pro_business:mc::none"}}}, {"alias": "mmlu_pro_biology:mc::none", "metrics": {"acc_raw": 0.11157601115760112, "acc_per_token": 0.11157601115760112, "acc_per_char": 0.11157601115760112, "acc_per_byte": 0.11157601115760112, "sum_logits_corr": -2.6249830285541846, "logits_per_token_corr": -2.6249830285541846, "logits_per_char_corr": -1.3124915142770923, "bits_per_byte_corr": 1.8935249988577658, "primary_score": 0.11157601115760112, "extra_metrics": {"no_answer": 0.0}}, "num_instances": 717, "processing_time": 2.2261619567871094, "task_config": {"task_name": "mmlu_pro_biology", "task_core": "mmlu_pro_biology", "split": "test", "num_shots": 5, "primary_metric": "acc_raw", "metric_kwargs": {"extra_metric_names": ["no_answer"]}, "native_id_field": "question_id", "dataset_path": "TIGER-Lab/MMLU-Pro", "version": 0, "metadata": {"regimes": [], "alias": "mmlu_pro_biology:mc::none"}}}, {"alias": "mmlu_pro_chemistry:mc::none", "metrics": {"acc_raw": 0.09275618374558305, "acc_per_token": 0.09275618374558305, "acc_per_char": 0.09275618374558305, "acc_per_byte": 0.09275618374558305,